<?xml version='1.0' encoding='utf-8'?>
<Array-Accounts>
  <Accounts>
	 <ID>8765476</ID>
	 <Account>********</Account>
	 <Balance>*</Balance>
	 <FirstName>****</FirstName>
	 <SecondName>*****</SecondName>
   <Street>550 ****************</Street>
   <City>******</City>
   <State>**</State>
   <Zip>*</Zip>
     <Array-Stock>
       <Stock>
       <logo>SUMW</logo>
	   <Name>***************</Name>
	   <Price>9976</Price>
	   </Stock>
	   <Stock>
       <Symbol>***</Symbol>
	   <Name>American Online</Name>
	   <Price>9000</Price>
	   </Stock>	
       <Stock>
       <Symbol>IBM</Symbol>
	   <Name>International Bussines Machine</Name>
	   <Price>*</Price>
	   </Stock>	    	
       <Stock>
       <Symbol>MOT</Symbol>
	   <Name>MOTOROLA</Name>
	   <Price>*</Price>
	   </Stock>
	 </Array-Stock>  
  </Accounts>	   
</Array-Accounts>